{
    "epoch": [
        0.0,
        1.0,
        2.0,
        3.0,
        4.0,
        5.0,
        6.0,
        7.0,
        8.0,
        9.0,
        10.0,
        11.0,
        12.0,
        13.0,
        14.0,
        15.0,
        16.0,
        17.0,
        18.0,
        19.0,
        20.0,
        21.0,
        22.0,
        23.0,
        24.0,
        25.0,
        26.0,
        27.0,
        28.0,
        29.0,
        30.0,
        31.0,
        32.0,
        33.0,
        34.0,
        35.0,
        36.0,
        37.0,
        38.0,
        39.0,
        40.0,
        41.0,
        42.0,
        43.0,
        44.0,
        45.0,
        46.0,
        47.0,
        48.0,
        49.0,
        50.0,
        51.0,
        52.0,
        53.0,
        54.0,
        55.0,
        56.0,
        57.0,
        58.0,
        59.0,
        60.0,
        61.0,
        62.0,
        63.0,
        64.0,
        65.0,
        66.0,
        67.0,
        68.0,
        69.0,
        70.0,
        71.0,
        72.0,
        73.0,
        74.0,
        75.0,
        76.0,
        77.0,
        78.0,
        79.0,
        80.0,
        81.0,
        82.0,
        83.0,
        84.0,
        85.0,
        86.0,
        87.0,
        88.0,
        89.0,
        90.0,
        91.0,
        92.0,
        93.0,
        94.0,
        95.0,
        96.0,
        97.0,
        98.0,
        99.0
    ],
    "learning_rate": [
        0.001,
        0.001,
        0.001,
        0.001,
        0.001,
        0.0005,
        0.0005,
        0.0005,
        0.0005,
        0.0005,
        0.00025,
        0.00025,
        0.00025,
        0.00025,
        0.00025,
        0.000125,
        0.000125,
        0.000125,
        0.000125,
        0.000125,
        6.25e-05,
        6.25e-05,
        6.25e-05,
        6.25e-05,
        6.25e-05,
        3.125e-05,
        3.125e-05,
        3.125e-05,
        3.125e-05,
        3.125e-05,
        1.5625e-05,
        1.5625e-05,
        1.5625e-05,
        1.5625e-05,
        1.5625e-05,
        7.8125e-06,
        7.8125e-06,
        7.8125e-06,
        7.8125e-06,
        7.8125e-06,
        3.90625e-06,
        3.90625e-06,
        3.90625e-06,
        3.90625e-06,
        3.90625e-06,
        1.953125e-06,
        1.953125e-06,
        1.953125e-06,
        1.953125e-06,
        1.953125e-06,
        9.765625e-07,
        9.765625e-07,
        9.765625e-07,
        9.765625e-07,
        9.765625e-07,
        4.8828125e-07,
        4.8828125e-07,
        4.8828125e-07,
        4.8828125e-07,
        4.8828125e-07,
        2.44140625e-07,
        2.44140625e-07,
        2.44140625e-07,
        2.44140625e-07,
        2.44140625e-07,
        1.220703125e-07,
        1.220703125e-07,
        1.220703125e-07,
        1.220703125e-07,
        1.220703125e-07,
        6.103515625e-08,
        6.103515625e-08,
        6.103515625e-08,
        6.103515625e-08,
        6.103515625e-08,
        3.0517578125e-08,
        3.0517578125e-08,
        3.0517578125e-08,
        3.0517578125e-08,
        3.0517578125e-08,
        1.52587890625e-08,
        1.52587890625e-08,
        1.52587890625e-08,
        1.52587890625e-08,
        1.52587890625e-08,
        7.62939453125e-09,
        7.62939453125e-09,
        7.62939453125e-09,
        7.62939453125e-09,
        7.62939453125e-09,
        3.814697265625e-09,
        3.814697265625e-09,
        3.814697265625e-09,
        3.814697265625e-09,
        3.814697265625e-09,
        1.9073486328125e-09,
        1.9073486328125e-09,
        1.9073486328125e-09,
        1.9073486328125e-09,
        1.9073486328125e-09
    ],
    "time": [
        4.965375185012817,
        2.558600902557373,
        2.501424789428711,
        2.690261125564575,
        3.0518338680267334,
        2.963752508163452,
        2.548356771469116,
        2.3836913108825684,
        2.543848752975464,
        2.9520912170410156,
        3.1544134616851807,
        2.803663492202759,
        2.416395425796509,
        2.352168560028076,
        2.9654858112335205,
        3.1261978149414062,
        2.8325302600860596,
        2.6255760192871094,
        2.6066296100616455,
        2.467576503753662,
        2.965944528579712,
        3.0442936420440674,
        2.724942445755005,
        2.465165138244629,
        2.499117136001587,
        2.6448426246643066,
        3.081399917602539,
        3.027320146560669,
        2.6754050254821777,
        2.432340145111084,
        2.483368158340454,
        2.779534101486206,
        3.0210068225860596,
        2.905578136444092,
        2.4837491512298584,
        2.2450203895568848,
        2.7837576866149902,
        3.057115077972412,
        3.128005266189575,
        2.9492855072021484,
        2.3470139503479004,
        2.5285232067108154,
        2.5775232315063477,
        3.018073797225952,
        3.030435085296631,
        2.8240835666656494,
        2.355614185333252,
        2.3783042430877686,
        2.8323922157287598,
        2.9305570125579834,
        2.723851442337036,
        2.464951753616333,
        2.4695141315460205,
        2.7786381244659424,
        3.0791521072387695,
        2.9491872787475586,
        2.4688162803649902,
        2.407768487930298,
        2.5787363052368164,
        2.9385201930999756,
        3.077397584915161,
        2.9046578407287598,
        2.4504501819610596,
        2.4675042629241943,
        2.5695199966430664,
        3.0120675563812256,
        3.050567865371704,
        2.7279586791992188,
        2.492103338241577,
        2.353431224822998,
        2.725933790206909,
        3.1071653366088867,
        3.1030921936035156,
        2.6921627521514893,
        2.436969518661499,
        2.5344812870025635,
        2.1403164863586426,
        1.6793556213378906,
        1.5413618087768555,
        1.599562168121338,
        1.5665407180786133,
        1.7829208374023438,
        2.0094072818756104,
        1.767728328704834,
        1.8261828422546387,
        1.5063185691833496,
        1.5141286849975586,
        1.6528308391571045,
        1.6854987144470215,
        1.6095643043518066,
        1.616420030593872,
        2.3841137886047363,
        2.1946263313293457,
        2.115333080291748,
        1.9630951881408691,
        1.9595301151275635,
        1.9617066383361816,
        1.9436426162719727,
        2.068256139755249,
        2.1441376209259033
    ],