{
    "epoch": [
        0.0,
        1.0,
        2.0,
        3.0,
        4.0,
        5.0,
        6.0,
        7.0,
        8.0,
        9.0,
        10.0,
        11.0,
        12.0,
        13.0,
        14.0,
        15.0,
        16.0,
        17.0,
        18.0,
        19.0,
        20.0,
        21.0,
        22.0,
        23.0,
        24.0,
        25.0,
        26.0,
        27.0,
        28.0,
        29.0,
        30.0,
        31.0,
        32.0,
        33.0,
        34.0,
        35.0,
        36.0,
        37.0,
        38.0,
        39.0,
        40.0,
        41.0,
        42.0,
        43.0,
        44.0,
        45.0,
        46.0,
        47.0,
        48.0,
        49.0,
        50.0,
        51.0,
        52.0,
        53.0,
        54.0,
        55.0,
        56.0,
        57.0,
        58.0,
        59.0,
        60.0,
        61.0,
        62.0,
        63.0,
        64.0,
        65.0,
        66.0,
        67.0,
        68.0,
        69.0,
        70.0,
        71.0,
        72.0,
        73.0,
        74.0,
        75.0,
        76.0,
        77.0,
        78.0,
        79.0,
        80.0,
        81.0,
        82.0,
        83.0,
        84.0,
        85.0,
        86.0,
        87.0,
        88.0,
        89.0,
        90.0,
        91.0,
        92.0,
        93.0,
        94.0,
        95.0,
        96.0,
        97.0,
        98.0,
        99.0
    ],
    "learning_rate": [
        0.001,
        0.001,
        0.001,
        0.001,
        0.001,
        0.0005,
        0.0005,
        0.0005,
        0.0005,
        0.0005,
        0.00025,
        0.00025,
        0.00025,
        0.00025,
        0.00025,
        0.000125,
        0.000125,
        0.000125,
        0.000125,
        0.000125,
        6.25e-05,
        6.25e-05,
        6.25e-05,
        6.25e-05,
        6.25e-05,
        3.125e-05,
        3.125e-05,
        3.125e-05,
        3.125e-05,
        3.125e-05,
        1.5625e-05,
        1.5625e-05,
        1.5625e-05,
        1.5625e-05,
        1.5625e-05,
        7.8125e-06,
        7.8125e-06,
        7.8125e-06,
        7.8125e-06,
        7.8125e-06,
        3.90625e-06,
        3.90625e-06,
        3.90625e-06,
        3.90625e-06,
        3.90625e-06,
        1.953125e-06,
        1.953125e-06,
        1.953125e-06,
        1.953125e-06,
        1.953125e-06,
        9.765625e-07,
        9.765625e-07,
        9.765625e-07,
        9.765625e-07,
        9.765625e-07,
        4.8828125e-07,
        4.8828125e-07,
        4.8828125e-07,
        4.8828125e-07,
        4.8828125e-07,
        2.44140625e-07,
        2.44140625e-07,
        2.44140625e-07,
        2.44140625e-07,
        2.44140625e-07,
        1.220703125e-07,
        1.220703125e-07,
        1.220703125e-07,
        1.220703125e-07,
        1.220703125e-07,
        6.103515625e-08,
        6.103515625e-08,
        6.103515625e-08,
        6.103515625e-08,
        6.103515625e-08,
        3.0517578125e-08,
        3.0517578125e-08,
        3.0517578125e-08,
        3.0517578125e-08,
        3.0517578125e-08,
        1.52587890625e-08,
        1.52587890625e-08,
        1.52587890625e-08,
        1.52587890625e-08,
        1.52587890625e-08,
        7.62939453125e-09,
        7.62939453125e-09,
        7.62939453125e-09,
        7.62939453125e-09,
        7.62939453125e-09,
        3.814697265625e-09,
        3.814697265625e-09,
        3.814697265625e-09,
        3.814697265625e-09,
        3.814697265625e-09,
        1.9073486328125e-09,
        1.9073486328125e-09,
        1.9073486328125e-09,
        1.9073486328125e-09,
        1.9073486328125e-09
    ],
    "time": [
        3.584123134613037,
        1.5815889835357666,
        1.6193196773529053,
        1.5827033519744873,
        1.627509355545044,
        1.5400304794311523,
        1.5153462886810303,
        1.604274034500122,
        1.5361328125,
        1.6612913608551025,
        1.682567834854126,
        1.6024317741394043,
        1.531764030456543,
        1.6486423015594482,
        1.65006685256958,
        1.6504359245300293,
        1.6324031352996826,
        1.6879937648773193,
        1.6305263042449951,
        1.6605358123779297,
        1.5240368843078613,
        1.648533821105957,
        1.560286283493042,
        1.6767702102661133,
        1.5572526454925537,
        1.6271800994873047,
        1.54264235496521,
        1.624004602432251,
        1.5846989154815674,
        1.5792303085327148,
        1.6538879871368408,
        1.575568437576294,
        1.6389245986938477,
        1.6142125129699707,
        1.6306755542755127,
        1.654958963394165,
        1.6261820793151855,
        1.5815248489379883,
        1.5664770603179932,
        1.4806382656097412,
        1.5229485034942627,
        1.4852025508880615,
        1.5666000843048096,
        1.5776753425598145,
        1.4994230270385742,
        1.5545408725738525,
        1.5486741065979004,
        1.60750412940979,
        1.5440640449523926,
        1.4782955646514893,
        1.6221201419830322,
        1.6471679210662842,
        1.6098778247833252,
        1.66892409324646,
        1.5087826251983643,
        1.6363990306854248,
        1.5950098037719727,
        1.605482578277588,
        1.673644781112671,
        1.6353905200958252,
        1.5762526988983154,
        1.6198019981384277,
        1.56784987449646,
        1.708742380142212,
        1.5740528106689453,
        1.5333762168884277,
        1.5824744701385498,
        1.590017318725586,
        1.5802371501922607,
        1.5443229675292969,
        1.556030035018921,
        1.5759587287902832,
        1.554051399230957,
        1.5729608535766602,
        1.4696824550628662,
        1.484567403793335,
        1.5290007591247559,
        1.5715012550354004,
        1.59492826461792,
        1.5678069591522217,
        1.6246402263641357,
        1.6122417449951172,
        1.6053543090820312,
        1.604886770248413,
        1.5148029327392578,
        1.5321197509765625,
        1.5458214282989502,
        1.5029401779174805,
        1.5201399326324463,
        1.5293912887573242,
        1.535827875137329,
        1.5118603706359863,
        1.575512170791626,
        1.5337133407592773,
        1.5384418964385986,
        1.4931929111480713,
        1.445338487625122,
        1.5304787158966064,
        1.5281023979187012,
        1.4622762203216553
    ],