{
    "epoch": [
        0.0,
        1.0,
        2.0,
        3.0,
        4.0,
        5.0,
        6.0,
        7.0,
        8.0,
        9.0,
        10.0,
        11.0,
        12.0,
        13.0,
        14.0,
        15.0,
        16.0,
        17.0,
        18.0,
        19.0,
        20.0,
        21.0,
        22.0,
        23.0,
        24.0,
        25.0,
        26.0,
        27.0,
        28.0,
        29.0,
        30.0,
        31.0,
        32.0,
        33.0,
        34.0,
        35.0,
        36.0,
        37.0,
        38.0,
        39.0,
        40.0,
        41.0,
        42.0,
        43.0,
        44.0,
        45.0,
        46.0,
        47.0,
        48.0,
        49.0,
        50.0,
        51.0,
        52.0,
        53.0,
        54.0,
        55.0,
        56.0,
        57.0,
        58.0,
        59.0,
        60.0,
        61.0,
        62.0,
        63.0,
        64.0,
        65.0,
        66.0,
        67.0,
        68.0,
        69.0,
        70.0,
        71.0,
        72.0,
        73.0,
        74.0,
        75.0,
        76.0,
        77.0,
        78.0,
        79.0,
        80.0,
        81.0,
        82.0,
        83.0,
        84.0,
        85.0,
        86.0,
        87.0,
        88.0,
        89.0,
        90.0,
        91.0,
        92.0,
        93.0,
        94.0,
        95.0,
        96.0,
        97.0,
        98.0,
        99.0
    ],
    "learning_rate": [
        0.001,
        0.001,
        0.001,
        0.001,
        0.001,
        0.0005,
        0.0005,
        0.0005,
        0.0005,
        0.0005,
        0.00025,
        0.00025,
        0.00025,
        0.00025,
        0.00025,
        0.000125,
        0.000125,
        0.000125,
        0.000125,
        0.000125,
        6.25e-05,
        6.25e-05,
        6.25e-05,
        6.25e-05,
        6.25e-05,
        3.125e-05,
        3.125e-05,
        3.125e-05,
        3.125e-05,
        3.125e-05,
        1.5625e-05,
        1.5625e-05,
        1.5625e-05,
        1.5625e-05,
        1.5625e-05,
        7.8125e-06,
        7.8125e-06,
        7.8125e-06,
        7.8125e-06,
        7.8125e-06,
        3.90625e-06,
        3.90625e-06,
        3.90625e-06,
        3.90625e-06,
        3.90625e-06,
        1.953125e-06,
        1.953125e-06,
        1.953125e-06,
        1.953125e-06,
        1.953125e-06,
        9.765625e-07,
        9.765625e-07,
        9.765625e-07,
        9.765625e-07,
        9.765625e-07,
        4.8828125e-07,
        4.8828125e-07,
        4.8828125e-07,
        4.8828125e-07,
        4.8828125e-07,
        2.44140625e-07,
        2.44140625e-07,
        2.44140625e-07,
        2.44140625e-07,
        2.44140625e-07,
        1.220703125e-07,
        1.220703125e-07,
        1.220703125e-07,
        1.220703125e-07,
        1.220703125e-07,
        6.103515625e-08,
        6.103515625e-08,
        6.103515625e-08,
        6.103515625e-08,
        6.103515625e-08,
        3.0517578125e-08,
        3.0517578125e-08,
        3.0517578125e-08,
        3.0517578125e-08,
        3.0517578125e-08,
        1.52587890625e-08,
        1.52587890625e-08,
        1.52587890625e-08,
        1.52587890625e-08,
        1.52587890625e-08,
        7.62939453125e-09,
        7.62939453125e-09,
        7.62939453125e-09,
        7.62939453125e-09,
        7.62939453125e-09,
        3.814697265625e-09,
        3.814697265625e-09,
        3.814697265625e-09,
        3.814697265625e-09,
        3.814697265625e-09,
        1.9073486328125e-09,
        1.9073486328125e-09,
        1.9073486328125e-09,
        1.9073486328125e-09,
        1.9073486328125e-09
    ],
    "time": [
        3.6624279022216797,
        1.72141695022583,
        1.5370981693267822,
        1.782456636428833,
        1.67659592628479,
        1.7223734855651855,
        1.888857364654541,
        1.7262005805969238,
        1.7705435752868652,
        1.5622892379760742,
        1.7352218627929688,
        1.720858097076416,
        1.7030603885650635,
        1.6223461627960205,
        1.7640573978424072,
        1.672583818435669,
        1.5851390361785889,
        2.027326822280884,
        1.7033805847167969,
        2.0309441089630127,
        1.5513997077941895,
        1.5564265251159668,
        1.5842010974884033,
        1.908911943435669,
        1.9646317958831787,
        1.6333916187286377,
        1.5558524131774902,
        1.5895285606384277,
        1.725217342376709,
        1.5357744693756104,
        1.5425958633422852,
        1.5219628810882568,
        1.535994291305542,
        1.5292198657989502,
        1.6026029586791992,
        1.605128526687622,
        1.6450183391571045,
        1.5968043804168701,
        1.6196527481079102,
        1.5754776000976562,
        1.5908889770507812,
        1.721548080444336,
        1.5723330974578857,
        1.6834256649017334,
        1.6495423316955566,
        1.6085996627807617,
        1.6407725811004639,
        1.6027820110321045,
        1.650707721710205,
        1.5449328422546387,
        1.6716692447662354,
        1.6678106784820557,
        1.5952084064483643,
        1.5639243125915527,
        1.658263921737671,
        1.6304717063903809,
        1.708237886428833,
        1.6156182289123535,
        1.679924488067627,
        1.6908953189849854,
        1.6786656379699707,
        1.7224531173706055,
        1.5791044235229492,
        1.6006848812103271,
        1.673558235168457,
        1.6458439826965332,
        1.6096057891845703,
        1.7526957988739014,
        1.6634869575500488,
        1.5398571491241455,
        1.5974440574645996,
        1.613445520401001,
        1.6759123802185059,
        1.660043716430664,
        1.6585907936096191,
        1.5839052200317383,
        1.6277954578399658,
        1.5687096118927002,
        1.5749378204345703,
        1.597782850265503,
        1.6099705696105957,
        1.5489158630371094,
        1.5504248142242432,
        1.6493499279022217,
        1.710289478302002,
        1.559112548828125,
        1.6019644737243652,
        1.6592633724212646,
        1.616347074508667,
        1.7922325134277344,
        1.6120600700378418,
        1.5737345218658447,
        1.5697648525238037,
        1.5893568992614746,
        1.6515309810638428,
        1.5747849941253662,
        1.627558708190918,
        1.5995886325836182,
        1.5904605388641357,
        1.555330514907837
    ],