{
    "epoch": [
        0.0,
        1.0
    ],
    "learning_rate": [
        0.001,
        0.001
    ],
    "time": [
        3.3983423709869385,
        1.5884544849395752
    ],
    "training_error": [
        0.07316944003105164,
        0.05540074408054352
    ],
    "validation_error": [
        1.082208514213562
    ]
}